{
	"credit": "Made with Blockbench",
	"textures": {
		"0": "block/anvil_top",
		"4": "block/cyan_wool",
		"particle": "block/anvil_top"
	},
	"elements": [
		{
			"from": [1, 0, 14],
			"to": [2, 1, 15],
			"rotation": {"angle": 0, "axis": "y", "origin": [0, 16, 0]},
			"faces": {
				"north": {"uv": [6, 4, 7, 5], "texture": "#0"},
				"east": {"uv": [7, 4, 6, 5], "rotation": 270, "texture": "#0"},
				"south": {"uv": [6, 5, 7, 4], "rotation": 180, "texture": "#0"},
				"west": {"uv": [7, 4, 6, 5], "rotation": 90, "texture": "#0"},
				"up": {"uv": [6, 5, 7, 4], "texture": "#0"},
				"down": {"uv": [6, 5, 7, 4], "rotation": 180, "texture": "#0"}
			}
		},
		{
			"from": [1, 1, 13],
			"to": [2, 4, 16],
			"rotation": {"angle": 0, "axis": "y", "origin": [0, 16, 0]},
			"faces": {
				"north": {"uv": [6, 4, 7, 5], "texture": "#0"},
				"east": {"uv": [6, 3, 3, 6], "rotation": 270, "texture": "#0"},
				"south": {"uv": [6, 5, 7, 4], "rotation": 180, "texture": "#0"},
				"west": {"uv": [6, 3, 3, 6], "rotation": 90, "texture": "#0"},
				"up": {"uv": [6, 5, 7, 4], "texture": "#0"},
				"down": {"uv": [6, 5, 7, 4], "rotation": 180, "texture": "#0"}
			}
		},
		{
			"from": [2, 2, -10],
			"to": [14, 3, 15],
			"rotation": {"angle": 0, "axis": "y", "origin": [0, 16, 0]},
			"faces": {
				"north": {"uv": [6, 4, 7, 5], "texture": "#4"},
				"east": {"uv": [7, 4, 6, 5], "rotation": 270, "texture": "#4"},
				"south": {"uv": [6, 5, 7, 4], "rotation": 180, "texture": "#4"},
				"west": {"uv": [7, 4, 6, 5], "rotation": 90, "texture": "#4"},
				"up": {"uv": [6, 5, 7, 4], "texture": "#4"},
				"down": {"uv": [6, 5, 7, 4], "rotation": 180, "texture": "#4"}
			}
		},
		{
			"from": [3, 2, -11],
			"to": [13, 3, -10],
			"rotation": {"angle": 0, "axis": "y", "origin": [0, 16, 0]},
			"faces": {
				"north": {"uv": [6, 4, 7, 5], "texture": "#4"},
				"east": {"uv": [7, 4, 6, 5], "rotation": 270, "texture": "#4"},
				"south": {"uv": [6, 5, 7, 4], "rotation": 180, "texture": "#4"},
				"west": {"uv": [7, 4, 6, 5], "rotation": 90, "texture": "#4"},
				"up": {"uv": [6, 5, 7, 4], "texture": "#4"},
				"down": {"uv": [6, 5, 7, 4], "rotation": 180, "texture": "#4"}
			}
		},
		{
			"from": [4, 2, -12],
			"to": [12, 3, -11],
			"rotation": {"angle": 0, "axis": "y", "origin": [0, 16, 0]},
			"faces": {
				"north": {"uv": [6, 4, 7, 5], "texture": "#4"},
				"east": {"uv": [7, 4, 6, 5], "rotation": 270, "texture": "#4"},
				"south": {"uv": [6, 5, 7, 4], "rotation": 180, "texture": "#4"},
				"west": {"uv": [7, 4, 6, 5], "rotation": 90, "texture": "#4"},
				"up": {"uv": [6, 5, 7, 4], "texture": "#4"},
				"down": {"uv": [6, 5, 7, 4], "rotation": 180, "texture": "#4"}
			}
		},
		{
			"from": [5, 2, -13],
			"to": [11, 3, -12],
			"rotation": {"angle": 0, "axis": "y", "origin": [0, 16, 0]},
			"faces": {
				"north": {"uv": [6, 4, 7, 5], "texture": "#4"},
				"east": {"uv": [7, 4, 6, 5], "rotation": 270, "texture": "#4"},
				"south": {"uv": [6, 5, 7, 4], "rotation": 180, "texture": "#4"},
				"west": {"uv": [7, 4, 6, 5], "rotation": 90, "texture": "#4"},
				"up": {"uv": [6, 5, 7, 4], "texture": "#4"},
				"down": {"uv": [6, 5, 7, 4], "rotation": 180, "texture": "#4"}
			}
		},
		{
			"from": [6, 2, -14],
			"to": [10, 3, -13],
			"rotation": {"angle": 0, "axis": "y", "origin": [0, 16, 0]},
			"faces": {
				"north": {"uv": [6, 4, 7, 5], "texture": "#4"},
				"east": {"uv": [7, 4, 6, 5], "rotation": 270, "texture": "#4"},
				"south": {"uv": [6, 5, 7, 4], "rotation": 180, "texture": "#4"},
				"west": {"uv": [7, 4, 6, 5], "rotation": 90, "texture": "#4"},
				"up": {"uv": [6, 5, 7, 4], "texture": "#4"},
				"down": {"uv": [6, 5, 7, 4], "rotation": 180, "texture": "#4"}
			}
		},
		{
			"from": [7, 2, -15],
			"to": [9, 3, -14],
			"rotation": {"angle": 0, "axis": "y", "origin": [0, 16, 0]},
			"faces": {
				"north": {"uv": [6, 4, 7, 5], "texture": "#4"},
				"east": {"uv": [7, 4, 6, 5], "rotation": 270, "texture": "#4"},
				"south": {"uv": [6, 5, 7, 4], "rotation": 180, "texture": "#4"},
				"west": {"uv": [7, 4, 6, 5], "rotation": 90, "texture": "#4"},
				"up": {"uv": [6, 5, 7, 4], "texture": "#4"},
				"down": {"uv": [6, 5, 7, 4], "rotation": 180, "texture": "#4"}
			}
		},
		{
			"from": [14, 1, 13],
			"to": [15, 4, 16],
			"rotation": {"angle": 0, "axis": "y", "origin": [0, 16, 0]},
			"faces": {
				"north": {"uv": [6, 4, 7, 5], "texture": "#0"},
				"east": {"uv": [7, 3, 4, 6], "rotation": 270, "texture": "#0"},
				"south": {"uv": [6, 5, 7, 4], "rotation": 180, "texture": "#0"},
				"west": {"uv": [7, 3, 4, 6], "rotation": 90, "texture": "#0"},
				"up": {"uv": [6, 5, 7, 4], "texture": "#0"},
				"down": {"uv": [6, 5, 7, 4], "rotation": 180, "texture": "#0"}
			}
		},
		{
			"from": [14, 0, 14],
			"to": [15, 1, 15],
			"rotation": {"angle": 0, "axis": "y", "origin": [0, 16, 0]},
			"faces": {
				"north": {"uv": [6, 4, 7, 5], "texture": "#0"},
				"east": {"uv": [7, 4, 6, 5], "rotation": 270, "texture": "#0"},
				"south": {"uv": [6, 5, 7, 4], "rotation": 180, "texture": "#0"},
				"west": {"uv": [7, 4, 6, 5], "rotation": 90, "texture": "#0"},
				"up": {"uv": [6, 5, 7, 4], "texture": "#0"},
				"down": {"uv": [6, 5, 7, 4], "rotation": 180, "texture": "#0"}
			}
		}
	]
}