{
	"credit": "Made with Blockbench",
	"textures": {
		"0": "block/anvil_top",
		"2": "block/light_gray_wool",
		"particle": "block/anvil_top"
	},
	"elements": [
		{
			"from": [1, 14, 15],
			"to": [2, 15, 16],
			"rotation": {"angle": 0, "axis": "y", "origin": [0, 16, 0]},
			"faces": {
				"north": {"uv": [6, 5, 7, 4], "rotation": 180, "texture": "#0"},
				"east": {"uv": [7, 4, 6, 5], "texture": "#0"},
				"south": {"uv": [6, 5, 7, 4], "rotation": 180, "texture": "#0"},
				"west": {"uv": [7, 4, 6, 5], "texture": "#0"},
				"up": {"uv": [6, 5, 7, 4], "rotation": 180, "texture": "#0"},
				"down": {"uv": [6, 4, 7, 5], "rotation": 180, "texture": "#0"}
			}
		},
		{
			"from": [1, 13, 12],
			"to": [2, 16, 15],
			"rotation": {"angle": 0, "axis": "y", "origin": [0, 16, 0]},
			"faces": {
				"north": {"uv": [6, 5, 7, 4], "rotation": 180, "texture": "#0"},
				"east": {"uv": [6, 3, 3, 6], "texture": "#0"},
				"south": {"uv": [6, 5, 7, 4], "rotation": 180, "texture": "#0"},
				"west": {"uv": [6, 3, 3, 6], "texture": "#0"},
				"up": {"uv": [6, 5, 7, 4], "rotation": 180, "texture": "#0"},
				"down": {"uv": [6, 4, 7, 5], "rotation": 180, "texture": "#0"}
			}
		},
		{
			"from": [2, -10, 13],
			"to": [14, 15, 14],
			"rotation": {"angle": 0, "axis": "y", "origin": [0, 16, 0]},
			"faces": {
				"north": {"uv": [6, 5, 7, 4], "rotation": 180, "texture": "#2"},
				"east": {"uv": [7, 4, 6, 5], "texture": "#2"},
				"south": {"uv": [6, 5, 7, 4], "rotation": 180, "texture": "#2"},
				"west": {"uv": [7, 4, 6, 5], "texture": "#2"},
				"up": {"uv": [6, 5, 7, 4], "rotation": 180, "texture": "#2"},
				"down": {"uv": [6, 4, 7, 5], "rotation": 180, "texture": "#2"}
			}
		},
		{
			"from": [3, -11, 13],
			"to": [13, -10, 14],
			"rotation": {"angle": 0, "axis": "y", "origin": [0, 16, 0]},
			"faces": {
				"north": {"uv": [6, 5, 7, 4], "rotation": 180, "texture": "#2"},
				"east": {"uv": [7, 4, 6, 5], "texture": "#2"},
				"south": {"uv": [6, 5, 7, 4], "rotation": 180, "texture": "#2"},
				"west": {"uv": [7, 4, 6, 5], "texture": "#2"},
				"up": {"uv": [6, 5, 7, 4], "rotation": 180, "texture": "#2"},
				"down": {"uv": [6, 4, 7, 5], "rotation": 180, "texture": "#2"}
			}
		},
		{
			"from": [4, -12, 13],
			"to": [12, -11, 14],
			"rotation": {"angle": 0, "axis": "y", "origin": [0, 16, 0]},
			"faces": {
				"north": {"uv": [6, 5, 7, 4], "rotation": 180, "texture": "#2"},
				"east": {"uv": [7, 4, 6, 5], "texture": "#2"},
				"south": {"uv": [6, 5, 7, 4], "rotation": 180, "texture": "#2"},
				"west": {"uv": [7, 4, 6, 5], "texture": "#2"},
				"up": {"uv": [6, 5, 7, 4], "rotation": 180, "texture": "#2"},
				"down": {"uv": [6, 4, 7, 5], "rotation": 180, "texture": "#2"}
			}
		},
		{
			"from": [5, -13, 13],
			"to": [11, -12, 14],
			"rotation": {"angle": 0, "axis": "y", "origin": [0, 16, 0]},
			"faces": {
				"north": {"uv": [6, 5, 7, 4], "rotation": 180, "texture": "#2"},
				"east": {"uv": [7, 4, 6, 5], "texture": "#2"},
				"south": {"uv": [6, 5, 7, 4], "rotation": 180, "texture": "#2"},
				"west": {"uv": [7, 4, 6, 5], "texture": "#2"},
				"up": {"uv": [6, 5, 7, 4], "rotation": 180, "texture": "#2"},
				"down": {"uv": [6, 4, 7, 5], "rotation": 180, "texture": "#2"}
			}
		},
		{
			"from": [6, -14, 13],
			"to": [10, -13, 14],
			"rotation": {"angle": 0, "axis": "y", "origin": [0, 16, 0]},
			"faces": {
				"north": {"uv": [6, 5, 7, 4], "rotation": 180, "texture": "#2"},
				"east": {"uv": [7, 4, 6, 5], "texture": "#2"},
				"south": {"uv": [6, 5, 7, 4], "rotation": 180, "texture": "#2"},
				"west": {"uv": [7, 4, 6, 5], "texture": "#2"},
				"up": {"uv": [6, 5, 7, 4], "rotation": 180, "texture": "#2"},
				"down": {"uv": [6, 4, 7, 5], "rotation": 180, "texture": "#2"}
			}
		},
		{
			"from": [7, -15, 13],
			"to": [9, -14, 14],
			"rotation": {"angle": 0, "axis": "y", "origin": [0, 16, 0]},
			"faces": {
				"north": {"uv": [6, 5, 7, 4], "rotation": 180, "texture": "#2"},
				"east": {"uv": [7, 4, 6, 5], "texture": "#2"},
				"south": {"uv": [6, 5, 7, 4], "rotation": 180, "texture": "#2"},
				"west": {"uv": [7, 4, 6, 5], "texture": "#2"},
				"up": {"uv": [6, 5, 7, 4], "rotation": 180, "texture": "#2"},
				"down": {"uv": [6, 4, 7, 5], "rotation": 180, "texture": "#2"}
			}
		},
		{
			"from": [14, 13, 12],
			"to": [15, 16, 15],
			"rotation": {"angle": 0, "axis": "y", "origin": [0, 16, 0]},
			"faces": {
				"north": {"uv": [6, 5, 7, 4], "rotation": 180, "texture": "#0"},
				"east": {"uv": [7, 3, 4, 6], "texture": "#0"},
				"south": {"uv": [6, 5, 7, 4], "rotation": 180, "texture": "#0"},
				"west": {"uv": [7, 3, 4, 6], "texture": "#0"},
				"up": {"uv": [6, 5, 7, 4], "rotation": 180, "texture": "#0"},
				"down": {"uv": [6, 4, 7, 5], "rotation": 180, "texture": "#0"}
			}
		},
		{
			"from": [14, 14, 15],
			"to": [15, 15, 16],
			"rotation": {"angle": 0, "axis": "y", "origin": [0, 16, 0]},
			"faces": {
				"north": {"uv": [6, 5, 7, 4], "rotation": 180, "texture": "#0"},
				"east": {"uv": [7, 4, 6, 5], "texture": "#0"},
				"south": {"uv": [6, 5, 7, 4], "rotation": 180, "texture": "#0"},
				"west": {"uv": [7, 4, 6, 5], "texture": "#0"},
				"up": {"uv": [6, 5, 7, 4], "rotation": 180, "texture": "#0"},
				"down": {"uv": [6, 4, 7, 5], "rotation": 180, "texture": "#0"}
			}
		}
	]
}