{"stats":{"minecraft:killed_by":{"minecraft:creeper":1,"minecraft:player":34},"minecraft:custom":{"minecraft:time_since_rest":8893,"minecraft:crouch_one_cm":120330,"minecraft:sprint_one_cm":185840,"minecraft:play_time":146654,"minecraft:deaths":54,"minecraft:damage_taken":4286,"minecraft:walk_one_cm":146297,"minecraft:sneak_time":29727,"minecraft:walk_under_water_one_cm":11701,"minecraft:aviate_one_cm":321,"minecraft:jump":1528,"minecraft:damage_dealt":644,"minecraft:leave_game":2,"minecraft:walk_on_water_one_cm":719,"minecraft:time_since_death":8891,"minecraft:total_world_time":146654,"minecraft:damage_resisted":2851,"minecraft:swim_one_cm":14,"minecraft:fall_one_cm":33679,"minecraft:fly_one_cm":645365,"minecraft:player_kills":1},"minecraft:used":{"minecraft:creeper_spawn_egg":16,"minecraft:trident":4,"minecraft:water_bucket":2,"minecraft:fishing_rod":9,"minecraft:lava_bucket":3,"minecraft:flint_and_steel":6,"minecraft:tnt":6,"minecraft:iron_pickaxe":94,"minecraft:crossbow":8,"minecraft:ender_pearl":1,"minecraft:splash_potion":2,"minecraft:cobweb":10,"minecraft:shears":27,"minecraft:purple_wool":334,"minecraft:pink_wool":1460},"minecraft:mined":{"minecraft:fire":2,"minecraft:tnt":1,"minecraft:pink_wool":29}},"DataVersion":2865}