{"stats":{"minecraft:killed_by":{"minecraft:player":117,"minecraft:creeper":2},"minecraft:custom":{"minecraft:mob_kills":49,"minecraft:leave_game":12,"minecraft:time_since_death":1519,"minecraft:damage_resisted":21535,"minecraft:time_since_rest":1521,"minecraft:sprint_one_cm":506555,"minecraft:damage_taken":33529,"minecraft:walk_one_cm":508398,"minecraft:damage_dealt":13663,"minecraft:swim_one_cm":15409,"minecraft:fly_one_cm":3905712,"minecraft:player_kills":102,"minecraft:crouch_one_cm":364852,"minecraft:play_time":689894,"minecraft:deaths":268,"minecraft:sneak_time":161974,"minecraft:walk_under_water_one_cm":22543,"minecraft:boat_one_cm":14817,"minecraft:aviate_one_cm":365565,"minecraft:jump":16800,"minecraft:walk_on_water_one_cm":20538,"minecraft:total_world_time":689894,"minecraft:fall_one_cm":430149},"minecraft:picked_up":{"minecraft:string":2,"minecraft:light_gray_wool":1,"minecraft:mutton":1},"minecraft:used":{"minecraft:water_bucket":44,"minecraft:trident":36,"minecraft:end_rod":1,"minecraft:flint_and_steel":79,"minecraft:chorus_fruit":4,"minecraft:redstone":32,"minecraft:lime_wool":244,"minecraft:blue_wool":3613,"minecraft:ender_pearl":37,"minecraft:spruce_planks":158,"minecraft:diamond_axe":12,"minecraft:sheep_spawn_egg":2,"minecraft:tnt":190,"minecraft:strider_spawn_egg":16,"minecraft:jungle_planks":49,"minecraft:light_blue_wool":638,"minecraft:crossbow":78,"minecraft:orange_wool":612,"minecraft:cyan_wool":1792,"minecraft:shears":219,"minecraft:axolotl_bucket":78,"minecraft:spruce_log":42,"minecraft:creeper_spawn_egg":40,"minecraft:redstone_torch":3,"minecraft:sticky_piston":4,"minecraft:lever":19,"minecraft:lava_bucket":21,"minecraft:red_wool":2594,"minecraft:slime_block":12,"minecraft:iron_pickaxe":34,"minecraft:netherite_axe":65,"minecraft:green_wool":2499,"minecraft:iron_door":15,"minecraft:fishing_rod":236,"minecraft:repeater":14,"minecraft:bow":22,"minecraft:wolf_spawn_egg":14,"minecraft:bucket":46,"minecraft:glass_pane":10,"minecraft:oak_boat":1,"minecraft:sea_pickle":42,"minecraft:egg":33,"minecraft:splash_potion":40,"minecraft:purple_wool":1058,"minecraft:cobweb":102},"minecraft:killed":{"minecraft:strider":2,"minecraft:shulker":1,"minecraft:sheep":1,"minecraft:chicken":1,"minecraft:axolotl":43},"minecraft:mined":{"minecraft:gray_concrete":1,"minecraft:light_blue_wool":16,"minecraft:red_wool":49,"minecraft:light_blue_concrete":1,"minecraft:orange_wool":6,"minecraft:structure_void":7,"minecraft:slime_block":2,"minecraft:lime_wool":13,"minecraft:blue_wool":36,"minecraft:pink_wool":15,"minecraft:purple_wool":17,"minecraft:orange_concrete":2,"minecraft:cyan_wool":2,"minecraft:yellow_wool":1,"minecraft:fire":2,"minecraft:purple_concrete":1,"minecraft:tnt":9,"minecraft:smooth_stone_slab":4,"minecraft:cobweb":19,"minecraft:white_wool":17,"minecraft:green_wool":28}},"DataVersion":2865}