{"stats":{"minecraft:killed_by":{"minecraft:player":5},"minecraft:custom":{"minecraft:time_since_rest":1398,"minecraft:walk_one_cm":13798,"minecraft:crouch_one_cm":329,"minecraft:play_time":39385,"minecraft:sprint_one_cm":14112,"minecraft:damage_taken":1533,"minecraft:deaths":14,"minecraft:sneak_time":1036,"minecraft:walk_under_water_one_cm":1960,"minecraft:drop":1,"minecraft:jump":193,"minecraft:leave_game":2,"minecraft:time_since_death":1395,"minecraft:walk_on_water_one_cm":614,"minecraft:total_world_time":39385,"minecraft:damage_resisted":1021,"minecraft:fall_one_cm":4420,"minecraft:fly_one_cm":100864},"minecraft:dropped":{"minecraft:purple_wool":1},"minecraft:used":{"minecraft:water_bucket":1,"minecraft:trident":3,"minecraft:purple_wool":101,"minecraft:splash_potion":1},"minecraft:mined":{"minecraft:tall_grass":1}},"DataVersion":2865}