{"stats":{"minecraft:custom":{"minecraft:time_since_rest":4779,"minecraft:sprint_one_cm":83297,"minecraft:damage_taken":24500,"minecraft:walk_one_cm":107504,"minecraft:mob_kills":49,"minecraft:drop":2,"minecraft:damage_dealt":1701,"minecraft:play_record":1,"minecraft:swim_one_cm":1147,"minecraft:fly_one_cm":213227,"minecraft:player_kills":1,"minecraft:play_time":63701,"minecraft:deaths":7,"minecraft:bell_ring":32,"minecraft:sneak_time":425,"minecraft:walk_under_water_one_cm":11157,"minecraft:jump":603,"minecraft:leave_game":1,"minecraft:walk_on_water_one_cm":2690,"minecraft:time_since_death":4777,"minecraft:total_world_time":63701,"minecraft:fall_one_cm":248962},"minecraft:picked_up":{"minecraft:filled_map":1},"minecraft:dropped":{"minecraft:filled_map":1,"minecraft:dirt":1},"minecraft:killed":{"minecraft:tropical_fish":49},"minecraft:used":{"minecraft:calcite":1,"minecraft:purple_stained_glass":3,"minecraft:water_bucket":5,"minecraft:yellow_banner":1,"minecraft:netherite_sword":48,"minecraft:trident":16,"minecraft:sea_lantern":2,"minecraft:warped_trapdoor":1,"minecraft:music_disc_otherside":1,"minecraft:dead_tube_coral_block":4,"minecraft:polished_deepslate":19,"minecraft:command_block":1,"minecraft:dead_horn_coral_block":8,"minecraft:red_stained_glass":2,"minecraft:grass_block":2,"minecraft:spruce_button":4,"minecraft:polished_andesite_stairs":3,"minecraft:pink_banner":5,"minecraft:tinted_glass":12,"minecraft:red_terracotta":8,"minecraft:stone":3,"minecraft:tropical_fish_spawn_egg":55,"minecraft:bell":1,"minecraft:deepslate":6,"minecraft:soul_lantern":2,"minecraft:cracked_stone_bricks":16,"minecraft:glow_item_frame":4,"minecraft:dark_oak_trapdoor":14,"minecraft:dirt":1,"minecraft:orange_banner":6,"minecraft:iron_trapdoor":1,"minecraft:bucket":2,"minecraft:birch_sign":2,"minecraft:white_stained_glass":9,"minecraft:red_banner":6,"minecraft:andesite":5,"minecraft:chain":6,"minecraft:pink_stained_glass":1,"minecraft:acacia_wood":9,"minecraft:smooth_stone_slab":47,"minecraft:dead_bubble_coral_block":4,"minecraft:cobbled_deepslate":5,"minecraft:dead_brain_coral_block":5,"minecraft:jukebox":1,"minecraft:smooth_stone":36,"minecraft:purple_banner":6}},"DataVersion":2865}