{"stats":{"minecraft:killed_by":{"minecraft:player":16},"minecraft:used":{"minecraft:yellow_wool":352,"minecraft:fishing_rod":4,"minecraft:water_bucket":1,"minecraft:fire_charge":2,"minecraft:cyan_terracotta":118,"minecraft:lava_bucket":1,"minecraft:tnt":2,"minecraft:panda_spawn_egg":10,"minecraft:lime_wool":3,"minecraft:bucket":1,"minecraft:ender_pearl":1,"minecraft:egg":2,"minecraft:redstone_block":2,"minecraft:cyan_wool":252,"minecraft:shears":26,"minecraft:purple_wool":106,"minecraft:splash_potion":2},"minecraft:mined":{"minecraft:purple_wool":14,"minecraft:red_wool":1,"minecraft:yellow_wool":7,"minecraft:white_wool":4},"minecraft:custom":{"minecraft:time_since_rest":57172,"minecraft:crouch_one_cm":9989,"minecraft:sprint_one_cm":29354,"minecraft:play_time":1001191,"minecraft:deaths":136,"minecraft:damage_taken":26222,"minecraft:walk_one_cm":43057,"minecraft:sneak_time":2783,"minecraft:jump":483,"minecraft:damage_dealt":88,"minecraft:leave_game":12,"minecraft:walk_on_water_one_cm":301,"minecraft:time_since_death":57169,"minecraft:total_world_time":1001191,"minecraft:damage_resisted":2934,"minecraft:fall_one_cm":248887,"minecraft:fly_one_cm":250457}},"DataVersion":2865}