{"stats":{"minecraft:killed":{"minecraft:tropical_fish":148},"minecraft:killed_by":{"minecraft:player":24,"minecraft:creeper":2},"minecraft:dropped":{"minecraft:kelp":1,"minecraft:fire_coral":1,"minecraft:iron_pickaxe":1},"minecraft:picked_up":{"minecraft:fire_coral":1,"minecraft:kelp":1},"minecraft:used":{"minecraft:calcite":49,"minecraft:water_bucket":67,"minecraft:trident":14,"minecraft:netherite_sword":153,"minecraft:purple_candle":3,"minecraft:polished_deepslate":188,"minecraft:orange_concrete":6,"minecraft:flint_and_steel":14,"minecraft:red_stained_glass":48,"minecraft:red_concrete":36,"minecraft:polished_andesite":56,"minecraft:dark_oak_sign":13,"minecraft:bubble_coral_fan":1,"minecraft:blue_wool":11,"minecraft:ender_pearl":2,"minecraft:tinted_glass":20,"minecraft:stone":98,"minecraft:white_dye":3,"minecraft:glow_ink_sac":3,"minecraft:bubble_coral":3,"minecraft:orange_stained_glass":42,"minecraft:pink_concrete":8,"minecraft:pink_candle":6,"minecraft:dirt":1,"minecraft:sand":108,"minecraft:light_blue_concrete":4,"minecraft:tnt":19,"minecraft:light_blue_wool":19,"minecraft:orange_wool":50,"minecraft:yellow_concrete":5,"minecraft:crossbow":25,"minecraft:pink_terracotta":8,"minecraft:fire_coral":1,"minecraft:gray_concrete":8,"minecraft:tuff":150,"minecraft:blue_concrete":10,"minecraft:shears":355,"minecraft:light_blue_stained_glass":81,"minecraft:purple_concrete_powder":24,"minecraft:orange_candle":7,"minecraft:polished_deepslate_stairs":16,"minecraft:creeper_spawn_egg":2,"minecraft:purple_stained_glass":66,"minecraft:netherite_block":26,"minecraft:lever":6,"minecraft:green_concrete":7,"minecraft:sea_lantern":7,"minecraft:lava_bucket":10,"minecraft:coal_ore":8,"minecraft:panda_spawn_egg":1,"minecraft:iron_pickaxe":260,"minecraft:command_block":7,"minecraft:red_wool":8498,"minecraft:lantern":1,"minecraft:grass_block":3,"minecraft:green_wool":17,"minecraft:stone_button":2,"minecraft:barrier":15,"minecraft:string":12,"minecraft:polished_andesite_stairs":5,"minecraft:netherite_axe":12,"minecraft:cyan_concrete":7,"minecraft:red_candle":3,"minecraft:dark_oak_button":1,"minecraft:deepslate":23,"minecraft:pink_wool":16,"minecraft:stone_brick_stairs":11,"minecraft:polished_andesite_slab":6,"minecraft:smooth_basalt":4,"minecraft:basalt":1,"minecraft:purple_concrete":6,"minecraft:fishing_rod":41,"minecraft:lime_concrete":4,"minecraft:cobblestone":1,"minecraft:potion":1,"minecraft:iron_trapdoor":9,"minecraft:red_concrete_powder":10,"minecraft:deepslate_tile_stairs":5,"minecraft:white_stained_glass":44,"minecraft:andesite":1,"minecraft:bucket":20,"minecraft:pink_stained_glass":33,"minecraft:acacia_wood":48,"minecraft:smooth_stone_slab":16,"minecraft:sea_pickle":10,"minecraft:egg":12,"minecraft:tropical_fish_bucket":131,"minecraft:fire_coral_fan":1,"minecraft:kelp":34,"minecraft:splash_potion":20,"minecraft:seagrass":2,"minecraft:smooth_stone":120,"minecraft:purple_wool":34,"minecraft:cobweb":4},"minecraft:mined":{"minecraft:red_wool":208,"minecraft:light_blue_wool":13,"minecraft:lime_wool":2,"minecraft:blue_wool":3,"minecraft:red_concrete":10,"minecraft:purple_wool":71,"minecraft:cyan_wool":31,"minecraft:yellow_wool":3,"minecraft:fire":6,"minecraft:tnt":6,"minecraft:cobweb":18,"minecraft:white_wool":1,"minecraft:green_wool":6},"minecraft:custom":{"minecraft:mob_kills":148,"minecraft:leave_game":14,"minecraft:time_since_death":254,"minecraft:damage_resisted":7152,"minecraft:time_since_rest":257,"minecraft:damage_taken":23039,"minecraft:sprint_one_cm":442312,"minecraft:walk_one_cm":396953,"minecraft:drop":3,"minecraft:damage_dealt":8882,"minecraft:swim_one_cm":8092,"minecraft:fly_one_cm":985739,"minecraft:player_kills":37,"minecraft:crouch_one_cm":232254,"minecraft:play_time":388652,"minecraft:deaths":54,"minecraft:sneak_time":67330,"minecraft:walk_under_water_one_cm":84431,"minecraft:aviate_one_cm":15130,"minecraft:jump":4603,"minecraft:walk_on_water_one_cm":14663,"minecraft:total_world_time":388652,"minecraft:fall_one_cm":210937}},"DataVersion":2865}