{"stats":{"minecraft:custom":{"minecraft:time_since_rest":586,"minecraft:crouch_one_cm":56159,"minecraft:play_time":53789,"minecraft:sprint_one_cm":6412,"minecraft:walk_one_cm":23512,"minecraft:damage_taken":9027,"minecraft:deaths":21,"minecraft:sneak_time":12241,"minecraft:aviate_one_cm":10637,"minecraft:jump":287,"minecraft:damage_dealt":179,"minecraft:leave_game":1,"minecraft:walk_on_water_one_cm":103,"minecraft:time_since_death":583,"minecraft:total_world_time":53789,"minecraft:damage_resisted":1869,"minecraft:fall_one_cm":73488,"minecraft:fly_one_cm":35366,"minecraft:player_kills":1},"minecraft:mined":{"minecraft:jungle_button":1,"minecraft:purple_wool":2,"minecraft:cobweb":1,"minecraft:slime_block":5},"minecraft:killed_by":{"minecraft:creeper":1,"minecraft:player":6},"minecraft:used":{"minecraft:water_bucket":1,"minecraft:slime_block":5,"minecraft:bucket":1,"minecraft:crossbow":3,"minecraft:shears":2,"minecraft:purple_wool":829,"minecraft:splash_potion":1}},"DataVersion":2865}