{"stats":{"minecraft:killed_by":{"minecraft:player":239,"minecraft:creeper":8},"minecraft:dropped":{"minecraft:water_bucket":2,"minecraft:spruce_sign":1,"minecraft:golden_helmet":1,"minecraft:yellow_concrete":65,"minecraft:barrier":3,"minecraft:cobblestone":12,"minecraft:purple_concrete":2,"minecraft:dark_oak_button":64,"minecraft:command_block":2,"minecraft:bedrock":4,"minecraft:grass_block":1,"minecraft:polished_andesite":1,"minecraft:cyan_terracotta":2,"minecraft:lava_bucket":3,"minecraft:jungle_button":64,"minecraft:large_fern":1,"minecraft:wooden_axe":2,"minecraft:white_concrete":5,"minecraft:iron_door":1,"minecraft:waxed_oxidized_copper":2,"minecraft:light_gray_banner":1,"minecraft:bone_meal":1,"minecraft:iron_pickaxe":10,"minecraft:purple_wool":678,"minecraft:smooth_stone":1,"minecraft:polished_deepslate":1,"minecraft:red_concrete":64,"minecraft:player_head":3,"minecraft:smooth_stone_slab":1,"minecraft:lime_concrete":65,"minecraft:tuff":1,"minecraft:blue_wool":14,"minecraft:lime_wool":2,"minecraft:slime_block":15,"minecraft:oak_sign":1,"minecraft:shears":11,"minecraft:acacia_button":64,"minecraft:flint_and_steel":1,"minecraft:crimson_button":64,"minecraft:filled_map":1,"minecraft:stone":18,"minecraft:allium":1,"minecraft:waxed_cut_copper":1,"minecraft:spruce_planks":1,"minecraft:andesite":1,"minecraft:lingering_potion":9,"minecraft:pink_wool":77,"minecraft:birch_sign":5,"minecraft:warped_button":64,"minecraft:spruce_log":1,"minecraft:arrow":2,"minecraft:blue_orchid":1,"minecraft:glass":1,"minecraft:calcite":1,"minecraft:egg":1},"minecraft:picked_up":{"minecraft:lingering_potion":7,"minecraft:fishing_rod":5,"minecraft:purple_wool":123,"minecraft:pink_wool":14,"minecraft:elytra":8,"minecraft:iron_pickaxe":1,"minecraft:blue_wool":14,"minecraft:lime_wool":109,"minecraft:stone":1,"minecraft:arrow":2,"minecraft:shears":1,"minecraft:cobblestone":12,"minecraft:water_bucket":9,"minecraft:bedrock":1,"minecraft:creeper_spawn_egg":208,"minecraft:lava_bucket":5,"minecraft:polished_andesite":1,"minecraft:white_concrete":1},"minecraft:used":{"minecraft:trident":61,"minecraft:polished_deepslate":58,"minecraft:flint_and_steel":310,"minecraft:red_concrete":2,"minecraft:oak_sign":2,"minecraft:spruce_planks":11,"minecraft:stone":646,"minecraft:player_head":53,"minecraft:spruce_leaves":2,"minecraft:torch":1,"minecraft:orange_wool":909,"minecraft:acacia_button":8,"minecraft:tuff":45,"minecraft:cyan_wool":1121,"minecraft:snowball":122,"minecraft:polished_diorite":7,"minecraft:glass":2,"minecraft:crimson_button":10,"minecraft:cyan_terracotta":500,"minecraft:lava_bucket":65,"minecraft:red_wool":3791,"minecraft:waxed_cut_copper":24,"minecraft:grass_block":1,"minecraft:light_weighted_pressure_plate":6,"minecraft:blue_orchid":1,"minecraft:panda_spawn_egg":83,"minecraft:slime_block":24,"minecraft:polished_andesite_stairs":1,"minecraft:green_wool":29,"minecraft:dark_oak_button":8,"minecraft:pink_wool":10866,"minecraft:item_frame":2,"minecraft:bedrock":8,"minecraft:tripwire_hook":5,"minecraft:purple_concrete":393,"minecraft:glowstone":44,"minecraft:redstone_lamp":4,"minecraft:lime_concrete":40,"minecraft:tall_grass":6,"minecraft:iron_trapdoor":3,"minecraft:jungle_button":5,"minecraft:gold_block":23,"minecraft:egg":1179,"minecraft:large_fern":3,"minecraft:deepslate_brick_wall":2,"minecraft:calcite":5,"minecraft:water_bucket":90,"minecraft:chorus_fruit":9,"minecraft:polished_andesite":228,"minecraft:dark_oak_sign":8,"minecraft:lime_wool":981,"minecraft:blue_wool":4785,"minecraft:ender_pearl":102,"minecraft:structure_void":107,"minecraft:spruce_sign":2,"minecraft:sheep_spawn_egg":16,"minecraft:leather_boots":1,"minecraft:white_wool":337,"minecraft:pink_concrete":21,"minecraft:respawn_anchor":2,"minecraft:light_gray_banner":6,"minecraft:tnt":283,"minecraft:birch_sign":33,"minecraft:crossbow":167,"minecraft:yellow_concrete":25,"minecraft:lingering_potion":134,"minecraft:shears":1362,"minecraft:spruce_log":1,"minecraft:creeper_spawn_egg":68,"minecraft:lever":7,"minecraft:command_block":10,"minecraft:light_gray_concrete":1,"minecraft:heavy_weighted_pressure_plate":2,"minecraft:barrier":142,"minecraft:string":1,"minecraft:iron_pickaxe":86,"minecraft:stone_button":12,"minecraft:magenta_concrete":84,"minecraft:stone_slab":1,"minecraft:iron_door":2,"minecraft:polished_andesite_slab":3,"minecraft:yellow_wool":941,"minecraft:fire_charge":53,"minecraft:fishing_rod":282,"minecraft:white_stained_glass":107,"minecraft:bucket":84,"minecraft:smooth_stone_slab":29,"minecraft:repeating_command_block":1,"minecraft:sea_pickle":13,"minecraft:white_concrete":939,"minecraft:warped_button":5,"minecraft:splash_potion":146,"minecraft:smooth_stone":200,"minecraft:purple_wool":33764,"minecraft:cobweb":71},"minecraft:mined":{"minecraft:waxed_cut_copper_slab":1,"minecraft:light_blue_wool":92,"minecraft:light_blue_concrete":1,"minecraft:orange_wool":35,"minecraft:sea_lantern":1,"minecraft:blue_concrete":1,"minecraft:white_concrete":6,"minecraft:lime_wool":58,"minecraft:blue_wool":196,"minecraft:pink_wool":185,"minecraft:large_fern":1,"minecraft:fire":35,"minecraft:pink_concrete":14,"minecraft:polished_deepslate":9,"minecraft:white_wool":30,"minecraft:green_wool":17,"minecraft:gray_concrete":1,"minecraft:red_wool":88,"minecraft:cyan_terracotta":2,"minecraft:structure_void":1,"minecraft:lightning_rod":1,"minecraft:cobblestone":3,"minecraft:slime_block":7,"minecraft:red_concrete":2,"minecraft:purple_wool":570,"minecraft:cyan_wool":19,"minecraft:yellow_wool":39,"minecraft:purple_concrete":1,"minecraft:lime_concrete":7,"minecraft:tnt":54,"minecraft:smooth_stone_slab":1,"minecraft:cobweb":42,"minecraft:tripwire_hook":2,"minecraft:birch_sign":2,"minecraft:polished_andesite":18},"minecraft:custom":{"minecraft:mob_kills":8,"minecraft:leave_game":97,"minecraft:time_since_death":14522,"minecraft:damage_resisted":77302,"minecraft:sprint_one_cm":2081143,"minecraft:walk_one_cm":2748038,"minecraft:drop":162,"minecraft:play_time":12165253,"minecraft:deaths":739,"minecraft:sneak_time":439666,"minecraft:walk_under_water_one_cm":34406,"minecraft:jump":53408,"minecraft:walk_on_water_one_cm":39890,"minecraft:total_world_time":12165284,"minecraft:time_since_rest":14524,"minecraft:damage_taken":136140,"minecraft:damage_dealt":12238,"minecraft:swim_one_cm":10292,"minecraft:fly_one_cm":14795060,"minecraft:player_kills":279,"minecraft:crouch_one_cm":1385890,"minecraft:aviate_one_cm":497366,"minecraft:fall_one_cm":1444987}},"DataVersion":2865}