{"stats":{"minecraft:killed_by":{"minecraft:player":17},"minecraft:custom":{"minecraft:time_since_rest":438,"minecraft:crouch_one_cm":47907,"minecraft:sprint_one_cm":210038,"minecraft:play_time":95449,"minecraft:damage_taken":3855,"minecraft:deaths":30,"minecraft:walk_one_cm":100870,"minecraft:sneak_time":13145,"minecraft:walk_under_water_one_cm":2502,"minecraft:aviate_one_cm":38895,"minecraft:jump":2961,"minecraft:damage_dealt":402,"minecraft:leave_game":3,"minecraft:time_since_death":436,"minecraft:walk_on_water_one_cm":6078,"minecraft:total_world_time":95449,"minecraft:damage_resisted":2569,"minecraft:swim_one_cm":415,"minecraft:fall_one_cm":130421,"minecraft:fly_one_cm":931415,"minecraft:player_kills":15},"minecraft:used":{"minecraft:creeper_spawn_egg":2,"minecraft:trident":3,"minecraft:water_bucket":7,"minecraft:fishing_rod":12,"minecraft:lava_bucket":4,"minecraft:flint_and_steel":1,"minecraft:tnt":1,"minecraft:crossbow":6,"minecraft:blue_wool":1178,"minecraft:bucket":2,"minecraft:iron_pickaxe":6,"minecraft:egg":3,"minecraft:ender_pearl":3,"minecraft:shears":22,"minecraft:splash_potion":6,"minecraft:cobweb":14},"minecraft:mined":{"minecraft:purple_wool":5,"minecraft:blue_concrete":2,"minecraft:red_wool":7,"minecraft:fire":2,"minecraft:blue_wool":4,"minecraft:stone":1,"minecraft:white_wool":4,"minecraft:pink_wool":2}},"DataVersion":2865}