{"stats":{"minecraft:dropped":{"minecraft:diamond_sword":2,"minecraft:anvil":2,"minecraft:cyan_wool":1,"minecraft:stone":3,"minecraft:cooked_beef":64,"minecraft:lime_concrete":1,"minecraft:light_blue_wool":30,"minecraft:chipped_anvil":1},"minecraft:used":{"minecraft:creeper_spawn_egg":1659,"minecraft:trident":12,"minecraft:water_bucket":34,"minecraft:firework_rocket":115,"minecraft:lava_bucket":21,"minecraft:chipped_anvil":5,"minecraft:flint_and_steel":32,"minecraft:red_wool":437,"minecraft:slime_block":32,"minecraft:iron_pickaxe":87,"minecraft:green_wool":674,"minecraft:stone_button":6,"minecraft:blue_wool":2949,"minecraft:ender_pearl":19,"minecraft:chest":1,"minecraft:stone":19,"minecraft:redstone_block":11,"minecraft:yellow_wool":767,"minecraft:respawn_anchor":151,"minecraft:fishing_rod":134,"minecraft:lime_concrete":2,"minecraft:anvil":2,"minecraft:tnt":44,"minecraft:light_blue_wool":9139,"minecraft:crossbow":57,"minecraft:egg":29,"minecraft:bucket":47,"minecraft:purple_wool":797,"minecraft:shears":630,"minecraft:cyan_wool":794,"minecraft:enchanted_golden_apple":1,"minecraft:smooth_stone":1,"minecraft:splash_potion":32,"minecraft:cobweb":40,"minecraft:experience_bottle":192},"minecraft:killed_by":{"minecraft:player":64,"minecraft:creeper":2},"minecraft:picked_up":{"minecraft:cyan_wool":1},"minecraft:custom":{"minecraft:time_since_rest":5065,"minecraft:damage_absorbed":160,"minecraft:sprint_one_cm":311510,"minecraft:damage_taken":28803,"minecraft:walk_one_cm":492927,"minecraft:interact_with_anvil":17,"minecraft:drop":41,"minecraft:damage_dealt":6568,"minecraft:swim_one_cm":18306,"minecraft:fly_one_cm":1658325,"minecraft:player_kills":100,"minecraft:open_chest":3,"minecraft:crouch_one_cm":561686,"minecraft:play_time":538160,"minecraft:deaths":142,"minecraft:sneak_time":159013,"minecraft:walk_under_water_one_cm":26695,"minecraft:aviate_one_cm":480368,"minecraft:jump":9336,"minecraft:leave_game":35,"minecraft:time_since_death":5063,"minecraft:walk_on_water_one_cm":24156,"minecraft:total_world_time":538160,"minecraft:damage_resisted":17929,"minecraft:fall_one_cm":224164},"minecraft:mined":{"minecraft:purple_wool":102,"minecraft:cyan_wool":25,"minecraft:light_blue_wool":237,"minecraft:red_wool":25,"minecraft:cyan_terracotta":3,"minecraft:yellow_wool":38,"minecraft:light_blue_concrete":4,"minecraft:fire":9,"minecraft:orange_wool":11,"minecraft:tnt":3,"minecraft:cyan_concrete":1,"minecraft:blue_concrete":2,"minecraft:birch_button":8,"minecraft:cobweb":28,"minecraft:cobblestone":12,"minecraft:lime_wool":19,"minecraft:slime_block":3,"minecraft:blue_wool":67,"minecraft:polished_andesite":1,"minecraft:white_wool":19,"minecraft:green_wool":18,"minecraft:pink_wool":41}},"DataVersion":2865}