{"stats":{"minecraft:killed_by":{"minecraft:player":8},"minecraft:custom":{"minecraft:time_since_rest":1270,"minecraft:crouch_one_cm":34442,"minecraft:sprint_one_cm":22810,"minecraft:play_time":35043,"minecraft:deaths":12,"minecraft:damage_taken":1345,"minecraft:walk_one_cm":14441,"minecraft:sneak_time":15207,"minecraft:mob_kills":2,"minecraft:aviate_one_cm":15759,"minecraft:jump":328,"minecraft:damage_dealt":219,"minecraft:leave_game":4,"minecraft:time_since_death":1268,"minecraft:total_world_time":35043,"minecraft:damage_resisted":896,"minecraft:fall_one_cm":10122,"minecraft:fly_one_cm":160558,"minecraft:player_kills":5},"minecraft:used":{"minecraft:creeper_spawn_egg":5,"minecraft:flint_and_steel":4,"minecraft:tnt":1,"minecraft:lime_wool":421,"minecraft:iron_pickaxe":2,"minecraft:crossbow":1,"minecraft:ender_pearl":3,"minecraft:egg":2,"minecraft:shears":18,"minecraft:cobweb":2},"minecraft:mined":{"minecraft:red_wool":3,"minecraft:cobweb":2,"minecraft:lime_wool":11,"minecraft:blue_wool":2,"minecraft:green_wool":1,"minecraft:tnt":1}},"DataVersion":2865}