{"stats":{"minecraft:dropped":{"minecraft:tnt":1,"minecraft:purple_wool":1},"minecraft:used":{"minecraft:oak_fence":1,"minecraft:water_bucket":19,"minecraft:trident":27,"minecraft:end_rod":1,"minecraft:polished_deepslate":1,"minecraft:flint_and_steel":29,"minecraft:redstone":10,"minecraft:polished_andesite":14,"minecraft:lime_wool":236,"minecraft:ender_pearl":17,"minecraft:sheep_spawn_egg":353,"minecraft:player_head":3,"minecraft:white_wool":11,"minecraft:respawn_anchor":239,"minecraft:tnt":34,"minecraft:strider_spawn_egg":4,"minecraft:blue_stained_glass":13,"minecraft:light_blue_wool":31,"minecraft:crossbow":48,"minecraft:shears":184,"minecraft:light_blue_stained_glass":11,"minecraft:creeper_spawn_egg":60,"minecraft:redstone_torch":2,"minecraft:sticky_piston":1,"minecraft:stone_brick_slab":48,"minecraft:black_wool":82,"minecraft:lava_bucket":114,"minecraft:red_wool":2568,"minecraft:panda_spawn_egg":9,"minecraft:brown_wool":15,"minecraft:iron_pickaxe":25,"minecraft:pink_wool":1294,"minecraft:yellow_wool":353,"minecraft:crimson_sign":1,"minecraft:light_gray_wool":3,"minecraft:fishing_rod":87,"minecraft:diamond_sword":8,"minecraft:repeater":4,"minecraft:white_stained_glass":4,"minecraft:bucket":6,"minecraft:glass_pane":16,"minecraft:oak_boat":7,"minecraft:egg":34,"minecraft:splash_potion":40,"minecraft:smooth_stone":2,"minecraft:purple_wool":620,"minecraft:cobweb":45},"minecraft:killed_by":{"minecraft:player":65,"minecraft:creeper":5},"minecraft:custom":{"minecraft:mob_kills":9,"minecraft:open_shulker_box":1,"minecraft:leave_game":13,"minecraft:time_since_death":492,"minecraft:damage_resisted":8350,"minecraft:time_since_rest":495,"minecraft:sprint_one_cm":516848,"minecraft:damage_taken":13070,"minecraft:walk_one_cm":636793,"minecraft:drop":2,"minecraft:damage_dealt":3776,"minecraft:swim_one_cm":465,"minecraft:fly_one_cm":1883567,"minecraft:player_kills":36,"minecraft:strider_one_cm":115663,"minecraft:crouch_one_cm":399808,"minecraft:play_time":1114695,"minecraft:deaths":151,"minecraft:sneak_time":124839,"minecraft:walk_under_water_one_cm":4136,"minecraft:boat_one_cm":126486,"minecraft:aviate_one_cm":135535,"minecraft:jump":4792,"minecraft:walk_on_water_one_cm":10169,"minecraft:total_world_time":1114695,"minecraft:fall_one_cm":155164},"minecraft:picked_up":{"minecraft:lead":2,"minecraft:saddle":1},"minecraft:mined":{"minecraft:jungle_button":1,"minecraft:light_blue_wool":15,"minecraft:red_wool":33,"minecraft:orange_wool":1,"minecraft:structure_void":9,"minecraft:white_concrete":1,"minecraft:tall_grass":1,"minecraft:cobblestone":8,"minecraft:lime_wool":12,"minecraft:blue_wool":6,"minecraft:red_concrete":1,"minecraft:green_concrete":1,"minecraft:pink_wool":43,"minecraft:purple_wool":29,"minecraft:yellow_wool":25,"minecraft:fire":4,"minecraft:pink_concrete":2,"minecraft:purple_concrete":2,"minecraft:tnt":5,"minecraft:polished_deepslate":1,"minecraft:dark_oak_button":1,"minecraft:yellow_concrete":1,"minecraft:cobweb":12,"minecraft:polished_andesite":1,"minecraft:white_wool":8,"minecraft:green_wool":8},"minecraft:killed":{"minecraft:sheep":9}},"DataVersion":2865}