{"stats":{"minecraft:killed":{"minecraft:axolotl":18,"minecraft:creeper":47,"minecraft:sheep":1},"minecraft:killed_by":{"minecraft:player":211,"minecraft:creeper":5},"minecraft:dropped":{"minecraft:shulker_spawn_egg":1,"minecraft:water_bucket":2,"minecraft:spruce_sign":1,"minecraft:repeating_command_block":1,"minecraft:candle":1,"minecraft:golden_helmet":3,"minecraft:tnt":1,"minecraft:yellow_concrete":64,"minecraft:barrier":14,"minecraft:purple_concrete":2,"minecraft:dark_oak_button":2,"minecraft:red_wool":2,"minecraft:spruce_button":1,"minecraft:command_block":5,"minecraft:bedrock":1,"minecraft:coal_block":2,"minecraft:polished_andesite":6,"minecraft:cyan_terracotta":9,"minecraft:stone_button":1,"minecraft:repeater":1,"minecraft:light_blue_wool":1,"minecraft:wooden_axe":3,"minecraft:white_concrete":7,"minecraft:light_gray_banner":2,"minecraft:polished_blackstone_slab":1,"minecraft:iron_pickaxe":1,"minecraft:purple_wool":8,"minecraft:smooth_stone":2,"minecraft:white_wool":2,"minecraft:redstone_block":1,"minecraft:green_wool":2,"minecraft:polished_deepslate":4,"minecraft:pink_concrete":1,"minecraft:player_head":4,"minecraft:lime_concrete":3,"minecraft:netherite_sword":1,"minecraft:yellow_wool":1,"minecraft:blue_wool":3,"minecraft:lime_wool":317,"minecraft:purple_banner":3,"minecraft:tall_grass":2,"minecraft:white_carpet":1,"minecraft:blue_concrete":1,"minecraft:white_candle":3,"minecraft:green_concrete":2,"minecraft:light_gray_concrete":2,"minecraft:orange_wool":1,"minecraft:light_blue_concrete":3,"minecraft:shears":1,"minecraft:warped_planks":1,"minecraft:acacia_button":2,"minecraft:flint_and_steel":1,"minecraft:crimson_button":2,"minecraft:polished_granite_stairs":1,"minecraft:cyan_wool":1,"minecraft:shroomlight":2,"minecraft:stone":25,"minecraft:oak_button":1,"minecraft:andesite":2,"minecraft:lingering_potion":6,"minecraft:birch_sign":3,"minecraft:warped_button":1,"minecraft:glass":4,"minecraft:stone_brick_stairs":1,"minecraft:white_stained_glass":1,"minecraft:egg":9},"minecraft:picked_up":{"minecraft:wooden_axe":1,"minecraft:lingering_potion":5,"minecraft:cocoa_beans":3,"minecraft:purple_wool":65,"minecraft:acacia_button":1,"minecraft:polished_deepslate":1,"minecraft:large_fern":1,"minecraft:armor_stand":1,"minecraft:purple_banner":2,"minecraft:music_disc_otherside":1,"minecraft:iron_pickaxe":1,"minecraft:blue_shulker_box":1,"minecraft:egg":1,"minecraft:lime_wool":105,"minecraft:stone":2,"minecraft:stone_button":2,"minecraft:waxed_cut_copper":1,"minecraft:white_wool":1,"minecraft:jungle_log":2,"minecraft:lava_bucket":1,"minecraft:white_candle":3,"minecraft:birch_sign":1},"minecraft:used":{"minecraft:purpur_block":3,"minecraft:light_blue_stained_glass_pane":29,"minecraft:trident":53,"minecraft:netherite_sword":1,"minecraft:iron_bars":14,"minecraft:polished_granite_stairs":8,"minecraft:polished_deepslate":746,"minecraft:orange_concrete":96,"minecraft:flint_and_steel":208,"minecraft:smooth_quartz_slab":92,"minecraft:dead_horn_coral_block":1,"minecraft:red_concrete":79,"minecraft:polished_blackstone":75,"minecraft:spruce_slab":1,"minecraft:redstone":3,"minecraft:oak_sign":1,"minecraft:light_gray_carpet":30,"minecraft:polished_basalt":12,"minecraft:spruce_planks":62,"minecraft:tinted_glass":16,"minecraft:stone":1347,"minecraft:quartz_stairs":7,"minecraft:polished_blackstone_wall":40,"minecraft:player_head":34,"minecraft:sandstone_wall":1,"minecraft:debug_stick":8,"minecraft:spruce_leaves":57,"minecraft:cut_copper_stairs":18,"minecraft:white_candle":1,"minecraft:end_stone_brick_wall":3,"minecraft:target":1,"minecraft:cocoa_beans":1,"minecraft:white_carpet":2,"minecraft:snowball":7,"minecraft:jungle_planks":1,"minecraft:acacia_button":30,"minecraft:spruce_fence":13,"minecraft:deepslate_tile_slab":49,"minecraft:orange_wool":3232,"minecraft:deepslate_brick_slab":97,"minecraft:pink_terracotta":7,"minecraft:tuff":236,"minecraft:warped_pressure_plate":1,"minecraft:blue_concrete":77,"minecraft:cyan_wool":3075,"minecraft:light_blue_stained_glass":29,"minecraft:dark_oak_planks":1,"minecraft:obsidian":1,"minecraft:shroomlight":8,"minecraft:polished_diorite":36,"minecraft:polished_deepslate_stairs":9,"minecraft:purple_banner":53,"minecraft:polished_blackstone_slab":54,"minecraft:andesite_wall":6,"minecraft:crimson_button":20,"minecraft:glass":247,"minecraft:stone_brick_slab":5,"minecraft:wooden_axe":6,"minecraft:sea_lantern":287,"minecraft:cyan_terracotta":557,"minecraft:lava_bucket":18,"minecraft:bricks":39,"minecraft:light_gray_stained_glass":15,"minecraft:lime_banner":37,"minecraft:grass_block":239,"minecraft:iron_block":32,"minecraft:waxed_cut_copper":47,"minecraft:red_wool":1377,"minecraft:blue_orchid":2,"minecraft:lantern":8,"minecraft:light_weighted_pressure_plate":10,"minecraft:panda_spawn_egg":161,"minecraft:spruce_button":9,"minecraft:slime_block":33,"minecraft:green_wool":5140,"minecraft:polished_andesite_stairs":79,"minecraft:jungle_log":2,"minecraft:polished_blackstone_brick_wall":105,"minecraft:dark_oak_slab":14,"minecraft:smooth_quartz":5,"minecraft:lime_dye":5,"minecraft:diorite_wall":3,"minecraft:dark_oak_button":4,"minecraft:pink_wool":1086,"minecraft:crimson_planks":1,"minecraft:stone_brick_stairs":74,"minecraft:stone_bricks":153,"minecraft:item_frame":33,"minecraft:tall_grass":31,"minecraft:bedrock":21,"minecraft:light_gray_wool":67,"minecraft:repeater":1,"minecraft:birch_button":8,"minecraft:tripwire_hook":45,"minecraft:red_nether_brick_wall":20,"minecraft:purple_concrete":100,"minecraft:redstone_lamp":8,"minecraft:bow":3,"minecraft:lime_concrete":529,"minecraft:waxed_cut_copper_slab":56,"minecraft:blue_shulker_box":1,"minecraft:magenta_wool":1,"minecraft:guardian_spawn_egg":39,"minecraft:jungle_button":1,"minecraft:iron_trapdoor":25,"minecraft:lime_stained_glass":86,"minecraft:acacia_fence":2,"minecraft:gold_block":77,"minecraft:skeleton_skull":7,"minecraft:egg":284,"minecraft:granite_wall":4,"minecraft:dead_bubble_coral_fan":1,"minecraft:acacia_planks":1,"minecraft:red_dye":2,"minecraft:large_fern":23,"minecraft:dead_brain_coral_fan":2,"minecraft:polished_blackstone_stairs":7,"minecraft:calcite":326,"minecraft:deepslate_brick_wall":50,"minecraft:water_bucket":52,"minecraft:yellow_banner":4,"minecraft:waxed_oxidized_cut_copper_slab":25,"minecraft:tube_coral_fan":1,"minecraft:end_rod":5,"minecraft:spruce_door":1,"minecraft:brick_wall":20,"minecraft:prismarine_brick_slab":14,"minecraft:birch_planks":1,"minecraft:polished_andesite":1293,"minecraft:red_stained_glass":3,"minecraft:chorus_fruit":29,"minecraft:acacia_trapdoor":14,"minecraft:dark_oak_sign":3,"minecraft:lime_wool":14303,"minecraft:oak_planks":1,"minecraft:blue_wool":1881,"minecraft:blackstone":1,"minecraft:ender_pearl":89,"minecraft:spruce_sign":1,"minecraft:redstone_block":10,"minecraft:white_dye":13,"minecraft:clay":24,"minecraft:glow_ink_sac":16,"minecraft:leather_boots":1,"minecraft:deepslate_bricks":142,"minecraft:waxed_copper_block":15,"minecraft:smooth_quartz_stairs":8,"minecraft:white_wool":53,"minecraft:pink_concrete":107,"minecraft:polished_blackstone_pressure_plate":2,"minecraft:light_gray_banner":27,"minecraft:lime_terracotta":8,"minecraft:light_blue_concrete":85,"minecraft:tnt":440,"minecraft:dark_prismarine_slab":20,"minecraft:yellow_concrete":200,"minecraft:light_blue_wool":1156,"minecraft:birch_sign":117,"minecraft:crossbow":142,"minecraft:stone_brick_wall":98,"minecraft:gray_concrete":1555,"minecraft:light_gray_concrete_powder":38,"minecraft:lingering_potion":10,"minecraft:shulker_spawn_egg":17,"minecraft:shears":826,"minecraft:warped_planks":5,"minecraft:red_sandstone_wall":18,"minecraft:deepslate_brick_stairs":168,"minecraft:lightning_rod":24,"minecraft:creeper_spawn_egg":100,"minecraft:deepslate_tiles":33,"minecraft:flower_pot":5,"minecraft:gray_terracotta":9,"minecraft:netherite_block":12,"minecraft:green_concrete":79,"minecraft:lever":13,"minecraft:black_wool":25,"minecraft:cornflower":3,"minecraft:command_block":60,"minecraft:light_gray_concrete":1083,"minecraft:heavy_weighted_pressure_plate":27,"minecraft:iron_pickaxe":196,"minecraft:barrier":158,"minecraft:oak_button":6,"minecraft:map":14,"minecraft:stone_button":63,"minecraft:cyan_concrete":104,"minecraft:magenta_concrete":520,"minecraft:polished_granite":208,"minecraft:spruce_trapdoor":3,"minecraft:prismarine_wall":16,"minecraft:flowering_azalea_leaves":12,"minecraft:polished_andesite_slab":18,"minecraft:yellow_wool":5084,"minecraft:soul_lantern":7,"minecraft:golden_helmet":1,"minecraft:magenta_banner":20,"minecraft:coal_block":15,"minecraft:fishing_rod":241,"minecraft:fire_charge":22,"minecraft:azalea_leaves":40,"minecraft:end_crystal":1,"minecraft:andesite":2,"minecraft:white_stained_glass":377,"minecraft:bucket":18,"minecraft:chain":122,"minecraft:repeating_command_block":8,"minecraft:smooth_stone_slab":664,"minecraft:waxed_cut_copper_stairs":57,"minecraft:polished_blackstone_button":18,"minecraft:white_concrete":146,"minecraft:warped_button":6,"minecraft:gray_wool":23,"minecraft:splash_potion":134,"minecraft:candle":1,"minecraft:smooth_stone":832,"minecraft:purple_wool":1333,"minecraft:cobweb":120,"minecraft:oak_fence":2},"minecraft:mined":{"minecraft:light_blue_wool":50,"minecraft:orange_wool":29,"minecraft:blue_concrete":21,"minecraft:white_concrete":10,"minecraft:lime_wool":128,"minecraft:blue_wool":63,"minecraft:green_concrete":6,"minecraft:pink_wool":58,"minecraft:orange_concrete":4,"minecraft:fire":4,"minecraft:polished_deepslate":17,"minecraft:white_wool":11,"minecraft:green_wool":22,"minecraft:gray_concrete":18,"minecraft:red_wool":117,"minecraft:cyan_terracotta":12,"minecraft:deepslate_brick_wall":1,"minecraft:structure_void":1,"minecraft:lightning_rod":2,"minecraft:cobblestone":5,"minecraft:slime_block":2,"minecraft:red_concrete":21,"minecraft:purple_wool":252,"minecraft:cyan_wool":27,"minecraft:sea_pickle":5,"minecraft:yellow_wool":50,"minecraft:lime_concrete":4,"minecraft:purple_concrete":1,"minecraft:tnt":8,"minecraft:cobweb":23,"minecraft:polished_andesite":32},"minecraft:custom":{"minecraft:mob_kills":67,"minecraft:open_shulker_box":1,"minecraft:leave_game":67,"minecraft:time_since_death":20017,"minecraft:damage_resisted":41214,"minecraft:sprint_one_cm":2464897,"minecraft:walk_one_cm":1940854,"minecraft:drop":288,"minecraft:target_hit":1,"minecraft:play_time":11502100,"minecraft:deaths":690,"minecraft:sneak_time":1054591,"minecraft:walk_under_water_one_cm":27938,"minecraft:jump":39676,"minecraft:walk_on_water_one_cm":25114,"minecraft:total_world_time":11502100,"minecraft:pot_flower":9,"minecraft:time_since_rest":20019,"minecraft:damage_taken":108239,"minecraft:damage_dealt":10192,"minecraft:swim_one_cm":14103,"minecraft:fly_one_cm":25059064,"minecraft:player_kills":221,"minecraft:crouch_one_cm":890304,"minecraft:aviate_one_cm":848433,"minecraft:fall_one_cm":1263184}},"DataVersion":2865}