{"stats":{"minecraft:killed_by":{"minecraft:creeper":1,"minecraft:player":11},"minecraft:custom":{"minecraft:time_since_rest":2090,"minecraft:crouch_one_cm":40220,"minecraft:walk_one_cm":50367,"minecraft:play_time":44302,"minecraft:sprint_one_cm":12086,"minecraft:damage_taken":1286,"minecraft:deaths":13,"minecraft:sneak_time":12014,"minecraft:walk_under_water_one_cm":819,"minecraft:aviate_one_cm":3097,"minecraft:jump":420,"minecraft:damage_dealt":88,"minecraft:leave_game":1,"minecraft:walk_on_water_one_cm":623,"minecraft:time_since_death":2088,"minecraft:total_world_time":44302,"minecraft:damage_resisted":854,"minecraft:fall_one_cm":20900,"minecraft:fly_one_cm":41514},"minecraft:used":{"minecraft:creeper_spawn_egg":15,"minecraft:water_bucket":1,"minecraft:crossbow":4,"minecraft:iron_pickaxe":13,"minecraft:orange_wool":416,"minecraft:ender_pearl":1,"minecraft:shears":9,"minecraft:splash_potion":2,"minecraft:cobweb":16},"minecraft:mined":{"minecraft:polished_deepslate":2,"minecraft:orange_concrete":2,"minecraft:gray_concrete":3,"minecraft:lightning_rod":1,"minecraft:polished_andesite":2,"minecraft:orange_wool":2,"minecraft:pink_wool":9}},"DataVersion":2865}